Entity,http://www.geneontology.org/formats/oboInOwl#hasExactSynonym,http://purl.obolibrary.org/obo/mondo#exactMatch,http://www.geneontology.org/formats/oboInOwl#hasBroadSynonym,http://www.geneontology.org/formats/oboInOwl#hasExactSynonym,http://www.geneontology.org/formats/oboInOwl#hasNarrowSynonym,http://www.geneontology.org/formats/oboInOwl#hasRelatedSynonym,http://www.geneontology.org/formats/oboInOwl#hasSynonym,http://www.w3.org/2004/02/skos/core#closeMatch,http://www.w3.org/2004/02/skos/core#exactMatch,http://www.w3.org/2004/02/skos/core#narrowMatch,https://schema.org/alternateName
http://purl.obolibrary.org/obo/BFO_0000001,,,,,,,,,,,
http://purl.obolibrary.org/obo/BFO_0000002,,,,,,,,,,,
http://purl.obolibrary.org/obo/BFO_0000003,,,,,,,,,,,
http://purl.obolibrary.org/obo/BFO_0000004,,,,,,,,,,,
http://purl.obolibrary.org/obo/BFO_0000006,,,,,,,,,,,
http://purl.obolibrary.org/obo/BFO_0000008,,,,,,,,,,,
http://purl.obolibrary.org/obo/BFO_0000009,,,,,,,,,,,
http://purl.obolibrary.org/obo/BFO_0000011,,,,,,,,,,,
http://purl.obolibrary.org/obo/BFO_0000015,,,,,,,,,,,
http://purl.obolibrary.org/obo/BFO_0000016,,,,,,,,,,,
http://purl.obolibrary.org/obo/BFO_0000017,,,,,,,,,,,
http://purl.obolibrary.org/obo/BFO_0000018,,,,,,,,,,,
http://purl.obolibrary.org/obo/BFO_0000019,,,,,,,,,,,
http://purl.obolibrary.org/obo/BFO_0000020,,,,,,,,,,,
http://purl.obolibrary.org/obo/BFO_0000023,,,,,,,,,,,
http://purl.obolibrary.org/obo/BFO_0000024,,,,,,,,,,,
http://purl.obolibrary.org/obo/BFO_0000026,,,,,,,,,,,
http://purl.obolibrary.org/obo/BFO_0000027,,,,,,,,,,,
http://purl.obolibrary.org/obo/BFO_0000028,,,,,,,,,,,
http://purl.obolibrary.org/obo/BFO_0000029,,,,,,,,,,,
http://purl.obolibrary.org/obo/BFO_0000030,,,,,,,,,,,
http://purl.obolibrary.org/obo/BFO_0000031,,,,,,,,,,,
http://purl.obolibrary.org/obo/BFO_0000034,,,,,,,,,,,
http://purl.obolibrary.org/obo/BFO_0000035,,,,,,,,,,,
http://purl.obolibrary.org/obo/BFO_0000038,,,,,,,,,,,
http://purl.obolibrary.org/obo/BFO_0000040,,,,,,,,,,,
http://purl.obolibrary.org/obo/BFO_0000140,,,,,,,,,,,
http://purl.obolibrary.org/obo/BFO_0000141,,,,,,,,,,,
http://purl.obolibrary.org/obo/BFO_0000142,,,,,,,,,,,
http://purl.obolibrary.org/obo/BFO_0000144,,,,,,,,,,,
http://purl.obolibrary.org/obo/BFO_0000145,,,,,,,,,,,
http://purl.obolibrary.org/obo/BFO_0000146,,,,,,,,,,,
http://purl.obolibrary.org/obo/BFO_0000147,,,,,,,,,,,
http://purl.obolibrary.org/obo/BFO_0000148,,,,,,,,,,,
http://purl.obolibrary.org/obo/BFO_0000182,,,,,,,,,,,
http://purl.obolibrary.org/obo/CARO_0000043,,,,,,,,,,,
http://purl.obolibrary.org/obo/CHEBI_16113,,,,'cholest-5-en-3beta-ol'	'cholesterol'	'Cholesterol'	'CHOLESTEROL',,"'(3beta,14beta,17alpha)-cholest-5-en-3-ol'	'Cholesterin'	'Cholest-5-en-3beta-ol'",,,,,
http://purl.obolibrary.org/obo/CHEBI_16670,'Peptide'	'peptides',,,'Peptide'	'peptides',,'Peptid'	'peptidos'	'peptido',,,,,
http://purl.obolibrary.org/obo/CHEBI_16737,'creatinine'	'2-imino-1-methylimidazolidin-4-one'	'Creatinine',,,'creatinine'	'2-imino-1-methylimidazolidin-4-one'	'Creatinine',,"'1-Methylhydantoin-2-imide'	'1-Methylglycocyamidine'	'2-Amino-1-methylimidazolin-4-one'	'2-amino-1,5-dihydro-1-methyl-4H-Imidazol-4-one'	'Creatine anhydride'	'creatinina'	'Kreatinin'	'1-methylglycocyamidine'",,,,,
http://purl.obolibrary.org/obo/CHEBI_17234,'glucose'	'Glucose'	'gluco-hexose',,,'glucose'	'Glucose'	'gluco-hexose',,'DL-glucose'	'Glukose'	'Glc',,,,,
http://purl.obolibrary.org/obo/CHEBI_17855,'Triglyceride'	'triglycerides',,,'Triglyceride'	'triglycerides',,'triglycerides'	'Triacylglycerol'	'triacylglycerols'	'Triglycerid'	'Triglyzerid'	'a triacylglycerol',,,,,
http://purl.obolibrary.org/obo/CHEBI_17929,,,,"'N(5)-[(dimethylamino)(imino)methyl]-L-ornithine'	'(2S)-2-amino-5-{[(dimethylamino)(imino)methyl]amino}pentanoic acid'	'N(5)-(N,N-dimethylcarbamimidoyl)-L-ornithine'	'(2S)-2-amino-5-(N',N'-dimethylcarbamimidamido)pentanoic acid'",,"'guanidino-N,N-dimethylarginine'	'N(G1),N(G1)-dimethylarginine'	'N(G)-dimethylarginine'	'N(5)-((dimethylamino)iminomethyl)-L-ornithine'	'asymmetric dimethylarginine'	'N(G),N(G)-dimethylarginine'	'NG,NG-DIMETHYL-L-ARGININE'	'N,N-dimethylarginine'	'ADMA'	'NG,NG-Dimethyl-L-arginine'",,,,,
http://purl.obolibrary.org/obo/CHEBI_18059,,,,'Lipid'	'lipids',,,,,,,
http://purl.obolibrary.org/obo/CHEBI_23367,,,,'molecular entity',,'entite moleculaire'	'entidad molecular'	'molekulare Entitaet'	'molecular entities'	'entidades moleculares',,,,,
http://purl.obolibrary.org/obo/CHEBI_24431,'chemical entity',,,'chemical entity',,,,,,,
http://purl.obolibrary.org/obo/CHEBI_24432,,,,,,'biological function',,,,,
http://purl.obolibrary.org/obo/CHEBI_24621,,,,,,'endocrine'	'hormones',,,,,
http://purl.obolibrary.org/obo/CHEBI_27226,,,,,,'uric acids',,,,,
http://purl.obolibrary.org/obo/CHEBI_27899,'(SP-4-2)-diamminedichloridoplatinum' 'Cisplatin',,,'cis-diamminedichloroplatinum(II)'	'(SP-4-2)-diamminedichloroplatinum'	'cis-diamminedichloridoplatinum(II)'	'(SP-4-2)-diamminedichloridoplatinum'	'Cisplatin',,'Platinex'	'Neoplatin'	'CDDP'	'cis-platin'	'cisplatin'	'Briplatin'	'Cismaplat'	'cisplatino'	'[PtCl2(NH3)2]'	'cis-[PtCl2(NH3)2]'	'cis-dichlorodiammineplatinum(II)'	'Platamine'	'cis-DDP'	'cis-diammineplatinum(II) dichloride'	'Peyrone's salt'	'Randa'	'cis-Diamminedichloroplatinum(II)'	'Lederplatin'	'Platinol'	'cisplatinum'	'Peyrone's chloride'	'cis-diamminedichloroplatinum'	'cisplatine',,,,,
http://purl.obolibrary.org/obo/CHEBI_35143,'hemoglobin',,,'hemoglobin',,'haemoglobin'	'vertebrate haemoglobin',,,,,
http://purl.obolibrary.org/obo/CHEBI_35664,,,,,,'hydroxymethylglutaryl-CoA reductase inhibitor'	'hydroxymethylglutaryl-CoA reductase inhibitors'	'HMG-CoA reductase inhibitor'	'HMG-CoA reductase inhibitors',,,,,
http://purl.obolibrary.org/obo/CHEBI_47867,,,,,,'Indikator',,,,,
http://purl.obolibrary.org/obo/CHEBI_5931,,,,,,'Insulin recombinant'	'human insulin'	'insulin human'	'insulinum humanum'	'Insulin'	'insulin (recombinant)'	'Exubera'	'insuline humaine'	'insulina humana',,,,,
http://purl.obolibrary.org/obo/CHMO_0000228,'spectrometry',,,'spectrometry',,,,,,,
http://purl.obolibrary.org/obo/CHMO_0000470,'mass spectroscopy'	'MS',,,'mass spectroscopy'	'MS',,,,,,,
http://purl.obolibrary.org/obo/CL_0000000,,,,,,,,,,,
http://purl.obolibrary.org/obo/CL_0000084,'T-cell'	'T lymphocyte'	'T-lymphocyte',,,'T-cell'	'T lymphocyte'	'T-lymphocyte',,'mature T cell'	'immature T cell',,,,,
http://purl.obolibrary.org/obo/CL_0000094,'granular leukocyte'	'polymorphonuclear leukocyte'	'granular leucocyte',,,'granular leukocyte'	'polymorphonuclear leukocyte'	'granular leucocyte',,,,,,,
http://purl.obolibrary.org/obo/CL_0000542,,,,,,,,,,,
http://purl.obolibrary.org/obo/CL_0000576,,,,,,,,,,,
http://purl.obolibrary.org/obo/CL_0000738,'leucocyte'	'white blood cell',,,'leucocyte'	'white blood cell',,'immune cell',,,,,
http://purl.obolibrary.org/obo/CL_0000775,'neutrophil leucocyte'	'neutrophilic leucocyte'	'neutrophil leukocyte'	'neutrocyte'	'neutrophilic leukocyte',,'polynuclear neutrophilic leukocyte'	'PMN'	'poly'	'polymorphonuclear leucocyte'	'polynuclear neutrophilic leucocyte'	'polymorphonuclear neutrophil'	'polymorphonuclear leukocyte','neutrophil leucocyte'	'neutrophilic leucocyte'	'neutrophil leukocyte'	'neutrocyte'	'neutrophilic leukocyte',,,,,,,
http://purl.obolibrary.org/obo/CTO_0000220,,,,,,,,,,,
http://purl.obolibrary.org/obo/DOID_0014667,'metabolic disease'	'metabolic disorder',,,'metabolic disease'	'metabolic disorder',,,,,,,
http://purl.obolibrary.org/obo/DOID_0050589,,,,,,,,,,,
http://purl.obolibrary.org/obo/DOID_0050830,,,,,,,,,,,
http://purl.obolibrary.org/obo/DOID_10283, 'prostatic neoplasm' 'prostatic cancer'   'tumor of the prostate',,,"'prostate cancer, familial'	'prostatic neoplasm'	'NGP - new growth of prostate'	'prostate neoplasm'	'prostatic cancer'	'hereditary prostate cancer'	'malignant tumor of the prostate'	'tumor of the prostate'",,,,,,,
http://purl.obolibrary.org/obo/DOID_10538,'malignant tumor of fundus of stomach' 'Ca fundus - stomach' 'malignant neoplasm of fundus of stomach',,,'malignant tumor of fundus of stomach'	'Ca fundus - stomach'	'malignant neoplasm of fundus of stomach',,,,,,,
http://purl.obolibrary.org/obo/DOID_10591,  'toxaemia of pregnancy'  'pre-eclamptic toxaemia',,,'proteinuric hypertension of pregnancy'	'preeclampsia'	'toxaemia of pregnancy'	'pregnancy toxemia'	'gestational hypertension'	'preeclampsia/eclampsia'	'hypertension induced by pregnancy'	'pregnancy associated hypertension'	'pre-eclamptic toxaemia',,,,,,,
http://purl.obolibrary.org/obo/DOID_10608,'coeliac disease' 'celiac sprue' 'idiopathic steatorrhea',,,'coeliac disease'	'celiac sprue'	'idiopathic steatorrhea',,,,,,,
http://purl.obolibrary.org/obo/DOID_10763,'vascular hypertensive disorder'	'hyperpiesia'	'HTN',,,'vascular hypertensive disorder'	'hyperpiesia'	'HTN',,'hypertensive disease',,,,,
http://purl.obolibrary.org/obo/DOID_114,,,,,,,,,,,
http://purl.obolibrary.org/obo/DOID_11612,'Multicystic ovaries'	'Polycystic ovaries'	'Stein-Leventhal synd.'	'polycystic ovary'	'Polycystic Ovarian disease'	'PCOS'	'Stein-Leventhal syndrome',,,'Multicystic ovaries'	'Polycystic ovaries'	'Stein-Leventhal synd.'	'polycystic ovary'	'Polycystic Ovarian disease'	'PCOS'	'Stein-Leventhal syndrome',,,,,,,
http://purl.obolibrary.org/obo/DOID_12858,'Huntington disease'	'Huntington's chorea'	'HD',,,'Huntington disease'	'Huntington's chorea'	'HD',,,,,,,
http://purl.obolibrary.org/obo/DOID_1287,'disease of subdivision of hemolymphoid system',,,'disease of subdivision of hemolymphoid system',,,,,,,
http://purl.obolibrary.org/obo/DOID_1324,,,,,,'lung neoplasm',,,,,
http://purl.obolibrary.org/obo/DOID_14499,"'Fabry Disease, Cardiac Variant'	'deficiency of melibiase'	'Angiokeratoma Corporis Diffusum'	'Fabry's disease'	'Alpha-galactosidase A deficiency'	'alpha galactosidase deficiency'",,,"'Fabry Disease, Cardiac Variant'	'deficiency of melibiase'	'Angiokeratoma Corporis Diffusum'	'Fabry's disease'	'Alpha-galactosidase A deficiency'	'alpha galactosidase deficiency'",,,,,,,
http://purl.obolibrary.org/obo/DOID_1575,,,,,,,,,,,
http://purl.obolibrary.org/obo/DOID_1579,,,,,,,,,,,
http://purl.obolibrary.org/obo/DOID_1612,'mammary cancer'	'mammary tumor'	'breast tumor'	'malignant neoplasm of breast'	'malignant tumor of the breast'	'primary breast cancer',,,'mammary cancer'	'mammary tumor'	'breast tumor'	'malignant neoplasm of breast'	'malignant tumor of the breast'	'primary breast cancer',,'mammary neoplasm',,,,,
http://purl.obolibrary.org/obo/DOID_162,'malignant tumor'	'primary cancer'	'malignant neoplasm',,,'malignant tumor'	'primary cancer'	'malignant neoplasm',,,,,,,
http://purl.obolibrary.org/obo/DOID_178,'vascular tissue disease',,,'vascular tissue disease',,,,,,,
http://purl.obolibrary.org/obo/DOID_2355,'anaemia',,,'anaemia',,,,,'MESH:D000740',,
http://purl.obolibrary.org/obo/DOID_2394,'primary ovarian cancer'	'malignant tumour of ovary'	'ovarian neoplasm'	'malignant Ovarian tumor'	'ovary neoplasm'	'tumor of the Ovary',,,'primary ovarian cancer'	'malignant tumour of ovary'	'ovarian neoplasm'	'malignant Ovarian tumor'	'ovary neoplasm'	'tumor of the Ovary',,,,,,,
http://purl.obolibrary.org/obo/DOID_2841,'chronic obstructive asthma'	'exercise-induced asthma'	'chronic obstructive asthma with status asthmaticus'	'chronic obstructive asthma with acute exacerbation'	'Exercise induced asthma'	'bronchial hyperreactivity',,,'chronic obstructive asthma'	'exercise-induced asthma'	'chronic obstructive asthma with status asthmaticus'	'chronic obstructive asthma with acute exacerbation'	'Exercise induced asthma'	'bronchial hyperreactivity',,,,,'MESH:D001249',,
http://purl.obolibrary.org/obo/DOID_3082,'ILD',,,'ILD',,,,,,,
http://purl.obolibrary.org/obo/DOID_3312,'Manic Depressive disorder'	'mixed bipolar disorder'	'manic depression'	'Manic Bipolar Affective disorder'	'Manic bipolar I disorder'	'manic disorder'	'bipolar depression'	'bipolar disorder manic phase',,,'Manic Depressive disorder'	'mixed bipolar disorder'	'manic depression'	'Manic Bipolar Affective disorder'	'Manic bipolar I disorder'	'manic disorder'	'bipolar depression'	'bipolar disorder manic phase',,'Depressive-manic psych.',,,,,
http://purl.obolibrary.org/obo/DOID_3388,'disease of supporting structures of teeth'	'periodontium disorder',,,'disease of supporting structures of teeth'	'periodontium disorder',,,,,,,
http://purl.obolibrary.org/obo/DOID_3393,'CHD'	'coronary heart disease'	'coronary arteriosclerosis'	'Coronary disease',,,'CHD'	'coronary heart disease'	'coronary arteriosclerosis'	'Coronary disease',,,,,,,
http://purl.obolibrary.org/obo/DOID_37,'skin and subcutaneous tissue disease'	'Genodermatosis',,,'skin and subcutaneous tissue disease'	'Genodermatosis',,,,,,,
http://purl.obolibrary.org/obo/DOID_3908,'non-small cell lung carcinoma'	'NSCLC'	'Non-small cell lung cancer',,,'non-small cell lung carcinoma'	'NSCLC'	'Non-small cell lung cancer',,,,,,,
http://purl.obolibrary.org/obo/DOID_4,,,,,,,,,,,
http://purl.obolibrary.org/obo/DOID_409,'hepatic disorder'	'disorder of liver',,,'hepatic disorder'	'disorder of liver',,,,,,,
http://purl.obolibrary.org/obo/DOID_417,'autoimmune hypersensitivity disease'	'hypersensitivity reaction type II disease',,,'autoimmune hypersensitivity disease'	'hypersensitivity reaction type II disease',,,,,,,
http://purl.obolibrary.org/obo/DOID_5082,'Cirrhosis'	'cirrhosis of liver',,,'Cirrhosis'	'cirrhosis of liver',,,,,,,
http://purl.obolibrary.org/obo/DOID_557,'nephropathy'	'impaired renal function disease',,,'nephropathy'	'impaired renal function disease',,,,,,,
http://purl.obolibrary.org/obo/DOID_576,,,,,,,,,,,
http://purl.obolibrary.org/obo/DOID_5844,'Myocardial infarct'	'heart attack',,,'Myocardial infarct'	'heart attack',,,,,,,
http://purl.obolibrary.org/obo/DOID_6000,'Weak heart'	'Cardiac Failure Congestive'	'Congestive heart disease'	'CHF',,,'Weak heart'	'Cardiac Failure Congestive'	'Congestive heart disease'	'CHF',,,,,,,
http://purl.obolibrary.org/obo/DOID_6713,'stroke'	'CVA'	'cerebrovascular accident'	'cerebrovascular disorder',,,'stroke'	'CVA'	'cerebrovascular accident'	'cerebrovascular disorder',,,,,,,
http://purl.obolibrary.org/obo/DOID_684,'Hepatoma',,,'Hepatoma',,,,,,,
http://purl.obolibrary.org/obo/DOID_784,'chronic renal failure syndrome'	'chronic renal disease'	'chronic kidney failure'	'CRF'	'CKD'	'renal failure - chronic',,,'chronic renal failure syndrome'	'chronic renal disease'	'chronic kidney failure'	'CRF'	'CKD'	'renal failure - chronic',,,,,,,
http://purl.obolibrary.org/obo/DOID_850,,,,,,,,,,,
http://purl.obolibrary.org/obo/DOID_8893,,,,,,,,,,,
http://purl.obolibrary.org/obo/DOID_9256,,,,,,,,,,,
http://purl.obolibrary.org/obo/DOID_9351,'diabetes',,,'diabetes',,,,,,,
http://purl.obolibrary.org/obo/DOID_9352,'type II diabetes mellitus'	'NIDDM'	'non-insulin-dependent diabetes mellitus'	'insulin resistance'	'type 2 diabetes',,,'type II diabetes mellitus'	'NIDDM'	'non-insulin-dependent diabetes mellitus'	'insulin resistance'	'type 2 diabetes',,,,,,,
http://purl.obolibrary.org/obo/DOID_9970,,,,,,,,,,,
http://purl.obolibrary.org/obo/GO_0001525,'blood vessel formation from pre-existing blood vessels',,,'blood vessel formation from pre-existing blood vessels',,,,,,,
http://purl.obolibrary.org/obo/GO_0005577,'fibrinogen',,,'fibrinogen','fibrinogen gamma chain'	'fibrinogen alpha chain'	'fibrinogen beta chain',,,,,,
http://purl.obolibrary.org/obo/GO_0006954,,,'inflammation',,,,,,,,
http://purl.obolibrary.org/obo/GO_0006955,,,,,,,,,,,
http://purl.obolibrary.org/obo/GO_0008150,'biological process'	'physiological process',,,'biological process'	'physiological process',,'single organism process'	'single-organism process',,,,,
http://purl.obolibrary.org/obo/GO_0010467,,,,,,,,,,,
http://purl.obolibrary.org/obo/GO_0016265,,,,,,,,,,,
http://purl.obolibrary.org/obo/GO_0032991,'macromolecular complex'	'protein containing complex'	'macromolecule complex',,,'macromolecular complex'	'protein containing complex'	'macromolecule complex','protein-protein complex'	'protein complex',,,,,,
http://purl.obolibrary.org/obo/GSSO_008334,,,,,,,,,,,'donors'
http://purl.obolibrary.org/obo/GSSO_012786,,,,,,,,,,,'statistical analyses'
http://purl.obolibrary.org/obo/HP_0001919,'Acute renal failure'	'Acute kidney failure',,,'Acute renal failure'	'Acute kidney failure',,,,,,,
http://purl.obolibrary.org/obo/HP_0012823,'Phenotypic modifier',,,'Phenotypic modifier',,,,,,,
http://purl.obolibrary.org/obo/HP_0031796,'Intermittent',,,'Intermittent',,,,,,,
http://purl.obolibrary.org/obo/IAO_0000027,,,,,,,,,,,
http://purl.obolibrary.org/obo/IAO_0000030,,,,,,,,,,,
http://purl.obolibrary.org/obo/IAO_0000109,,,,,,,,,,,
http://purl.obolibrary.org/obo/IAO_0000300,,,,,,,,,,,
http://purl.obolibrary.org/obo/IAO_0000415,,,,,,,,,,,
http://purl.obolibrary.org/obo/ICO_0000233,,,,,,,,,,,
http://purl.obolibrary.org/obo/IDO_0000636,,,,,,,,,,,
http://purl.obolibrary.org/obo/MAXO_0000001,,,,,'health care process',,,,,,
http://purl.obolibrary.org/obo/MAXO_0000002,,,,,,,,,,,
http://purl.obolibrary.org/obo/MAXO_0000003,'diagnostic technique procedure'	'diagnostic testing',,,'diagnostic technique procedure'	'diagnostic testing',,,,,,,
http://purl.obolibrary.org/obo/MAXO_0000004,'surgery'	'surgical operation'	'operation'	'surgical intervention',,,'surgery'	'surgical operation'	'operation'	'surgical intervention',,,,,,,
http://purl.obolibrary.org/obo/MAXO_0000018,'biomarker assessment'	'biomarker test'	'biomarker measurement',,,'biomarker assessment'	'biomarker test'	'biomarker measurement',,,,,,,
http://purl.obolibrary.org/obo/MAXO_0000127,'genetic analysis',,,'genetic analysis',,,,,,,
http://purl.obolibrary.org/obo/MAXO_0000647,'treatment with a chemotherapeutic medication'	'treatment with a chemotherapeutic agent'	'treatment with a chemotherapeutic drug'	'chemotherapeutic agent treatment'	'chemotherapeutic drug treatment',,,'treatment with a chemotherapeutic medication'	'treatment with a chemotherapeutic agent'	'treatment with a chemotherapeutic drug'	'chemotherapeutic agent treatment'	'chemotherapeutic drug treatment',,,,,,,
http://purl.obolibrary.org/obo/MAXO_0010203,'heart sonography'	'echocardiogram procedure'	'cardiac echo procedure'	'echo procedure'	'sonography of heart'	'heart ultrasound examination'	'heart ultrasound procedure'	'heart medical ultrasound'	'heart diagnostic sonography'	'ultrasonography of heart'	'heart ultrasound imaging procedure',,,'heart sonography'	'echocardiogram procedure'	'cardiac echo procedure'	'echo procedure'	'sonography of heart'	'heart ultrasound examination'	'heart ultrasound procedure'	'heart medical ultrasound'	'heart diagnostic sonography'	'ultrasonography of heart'	'heart ultrasound imaging procedure',,,,,,,
http://purl.obolibrary.org/obo/MMO_0000113,'OGTT',,,'OGTT',,,,,,,
http://purl.obolibrary.org/obo/MONDO_0000473,'disease of artery'	'disorder of artery'	'arterial disorder'	'arterial disease'	'arteriopathy'	'artery disease'	'artery disease or disorder'	'disease or disorder of artery',,,'disease of artery'	'disorder of artery'	'arterial disorder'	'arterial disease'	'arteriopathy'	'artery disease'	'artery disease or disorder'	'disease or disorder of artery',,,,,'http://purl.obolibrary.org/obo/DOID_0050828'	'http://identifiers.org/snomedct/359557001'	'http://linkedlifedata.com/resource/umls/id/C0852949'	'http://purl.obolibrary.org/obo/NCIT_C35317',,
http://purl.obolibrary.org/obo/MONDO_0004335,'alimentary system disease'	'gastrointestinal disorder'	'disease or disorder of digestive system'	'gastroenteropathy'	'digestive system disorder'	'gastrointestinal system disease'	'digestive system disease or disorder'	'disease of digestive system'	'gastrointestinal disease'	'disorder of digestive system'	'digestive disease'	'gastrointestinal system disorder'	'gastroenterological system disease'	'gastroenterological system disorder'	'git disease'	'digestive system disease'	'stomach or intestinal disorder',,,'alimentary system disease'	'gastrointestinal disorder'	'disease or disorder of digestive system'	'gastroenteropathy'	'digestive system disorder'	'gastrointestinal system disease'	'digestive system disease or disorder'	'disease of digestive system'	'gastrointestinal disease'	'disorder of digestive system'	'digestive disease'	'gastrointestinal system disorder'	'gastroenterological system disease'	'gastroenterological system disorder'	'git disease'	'digestive system disease'	'stomach or intestinal disorder',,,,,'http://identifiers.org/snomedct/53619000'	'http://purl.obolibrary.org/obo/NCIT_C2990'	'http://purl.obolibrary.org/obo/DOID_77'	'http://identifiers.org/mesh/D005767'	'http://purl.bioontology.org/ontology/ICD10CM/K00-K95',,
http://purl.obolibrary.org/obo/MONDO_0004975,'Alzheimers disease'	'Alzheimer dementia'	'Alzheimer disease'	'Alzheimer's disease'	'AD'	'Alzheimers dementia'	'presenile and senile dementia'	'Alzheimer's dementia',,,'Alzheimers disease'	'Alzheimer dementia'	'Alzheimer disease'	'Alzheimer's disease'	'AD'	'Alzheimers dementia'	'presenile and senile dementia'	'Alzheimer's dementia',"'Alzheimer disease, familial'",,,,'http://purl.bioontology.org/ontology/ICD10CM/G30'	'http://linkedlifedata.com/resource/umls/id/C0002395'	'http://identifiers.org/mesh/D000544'	'http://purl.obolibrary.org/obo/DOID_10652'	'http://identifiers.org/snomedct/142811000119104'	'http://purl.obolibrary.org/obo/NCIT_C2866'	'http://www.orpha.net/ORDO/Orphanet_238616',,
http://purl.obolibrary.org/obo/MONDO_0005002,"'disease (COPD), chronic obstructive'	'chronic obstructive pulmonary disease, (COPD)'	'chronic obstructive airways disease'	'COPD'	'pulmonary disease (COPD), chronic obstructive'	'obstructive pulmonary disease (COPD), chronic'	'COPD, chronic obstructive pulmonary disease'	'cold'	'obstructive lung disease, chronic'	'chronic obstructive lung disease'	'chronic obstructive airway disease'	'chronic obstructive pulmonary disease (COPD)'	'cold (chronic obstructive lung disease)'",,,"'disease (COPD), chronic obstructive'	'chronic obstructive pulmonary disease, (COPD)'	'chronic obstructive airways disease'	'COPD'	'pulmonary disease (COPD), chronic obstructive'	'obstructive pulmonary disease (COPD), chronic'	'COPD, chronic obstructive pulmonary disease'	'cold'	'obstructive lung disease, chronic'	'chronic obstructive lung disease'	'chronic obstructive airway disease'	'chronic obstructive pulmonary disease (COPD)'	'cold (chronic obstructive lung disease)'",,,,,'http://purl.obolibrary.org/obo/NCIT_C3199'	'https://omim.org/entry/606963'	'http://identifiers.org/mesh/D029424'	'http://purl.obolibrary.org/obo/DOID_3083'	'http://identifiers.org/snomedct/13645005',,
http://purl.obolibrary.org/obo/MONDO_0005070,'tumor'	'neoplasia'	'neoplasm (disease)'	'disease of cellular proliferation'	'neoplastic disease'	'tumor disease'	'neoplastic growth'	'neoplasm',,'cell process disease','tumor'	'neoplasia'	'neoplasm (disease)'	'disease of cellular proliferation'	'neoplastic disease'	'tumor disease'	'neoplastic growth'	'neoplasm','other neoplasm',,,,'http://purl.obolibrary.org/obo/DOID_14566'	'http://identifiers.org/mesh/D009369'	'http://identifiers.org/snomedct/55342001'	'http://purl.obolibrary.org/obo/NCIT_C3262'	'http://purl.bioontology.org/ontology/ICD10CM/C00-D49'	'http://linkedlifedata.com/resource/umls/id/CN236628','http://purl.bioontology.org/ontology/ICD10CM/C7A-C7A'	'http://purl.bioontology.org/ontology/ICD10CM/C7B-C7B',
http://purl.obolibrary.org/obo/MONDO_0005311,'atherosclerotic cardiovascular disease'	'atherosclerosis of artery',,,'atherosclerotic cardiovascular disease'	'atherosclerosis of artery',,'atherosclerosis artery',,,'http://purl.bioontology.org/ontology/ICD10CM/I70'	'http://purl.obolibrary.org/obo/DOID_1936'	'http://purl.obolibrary.org/obo/NCIT_C35768'	'http://identifiers.org/mesh/D050197'	'http://purl.obolibrary.org/obo/NCIT_C35771'	'http://identifiers.org/snomedct/441574008',,
http://purl.obolibrary.org/obo/MONDO_0005381,'bone element disease'	'disease of bone element'	'disorder of bone element'	'disease or disorder of bone element'	'bone element disease or disorder',,,'bone element disease'	'disease of bone element'	'disorder of bone element'	'disease or disorder of bone element'	'bone element disease or disorder',,'skeletal disease'	'rare bone disease related to a common gene or pathway defect',,,'http://purl.bioontology.org/ontology/ICD10CM/M80-M85'	'http://identifiers.org/mesh/D001847'	'http://linkedlifedata.com/resource/umls/id/C0005940'	'http://identifiers.org/snomedct/76069003'	'http://purl.obolibrary.org/obo/DOID_0080001',,
http://purl.obolibrary.org/obo/MONDO_0005438,'Metastases to lymph nodes'	'metastatic neoplasm to the lymph node'	'metastatic tumor to lymph node'	'metastasis to lymph node'	'metastatic malignant neoplasm to the lymph nodes',,,'Metastases to lymph nodes'	'metastatic neoplasm to the lymph node'	'metastatic tumor to lymph node'	'metastasis to lymph node'	'metastatic malignant neoplasm to the lymph nodes',,,,,'http://purl.obolibrary.org/obo/NCIT_C4904'	'http://linkedlifedata.com/resource/umls/id/C0686619',,
http://purl.obolibrary.org/obo/MONDO_0005542,'acute coronary syndrome',,,'acute coronary syndrome',,"'coronary syndromes, acute'	'syndrome, acute coronary'	'acute coronary syndromes'	'coronary syndrome, acute'	'syndromes, acute coronary'",,,'http://identifiers.org/mesh/D054058'	'http://purl.obolibrary.org/obo/NCIT_C53652'	'http://identifiers.org/snomedct/394659003'	'http://linkedlifedata.com/resource/umls/id/C0948089',,
http://purl.obolibrary.org/obo/MONDO_0005559,'central nervous system neurodegenerative disorder'	'neurodegenerative disease'	'central nervous system degenerative disorder'	'degenerative disorder of central nervous system'	'brain degeneration',,'degenerative disease','central nervous system neurodegenerative disorder'	'neurodegenerative disease'	'central nervous system degenerative disorder'	'degenerative disorder of central nervous system'	'brain degeneration','cerebral degeneration disease',,,,'http://identifiers.org/mesh/D019636'	'http://purl.obolibrary.org/obo/NCIT_C4802'	'http://purl.obolibrary.org/obo/DOID_1289'	'http://identifiers.org/snomedct/80690008',,
http://purl.obolibrary.org/obo/MONDO_0007915,"'SLE - lupus erythematosus, systemic'	'disseminated lupus erythematosus'	'lupus erythematosus, systemic'	'systemic lupus erythematosus (disease)'	'systemic lupus erythematosus'	'systemic lupus erythematosus susceptibility to'	'SLE'	'systemic lupus erythematosus, susceptibility to'",,,"'SLE - lupus erythematosus, systemic'	'disseminated lupus erythematosus'	'lupus erythematosus, systemic'	'systemic lupus erythematosus (disease)'	'systemic lupus erythematosus'	'systemic lupus erythematosus susceptibility to'	'SLE'	'systemic lupus erythematosus, susceptibility to'",,"'excess LMW-DNA'	'excess lymphocyte low molecular weight DNA'	'lupus nephritis, susceptibility to'",,,'http://www.orpha.net/ORDO/Orphanet_536'	'http://purl.obolibrary.org/obo/DOID_9074'	'http://identifiers.org/snomedct/55464009'	'https://omim.org/entry/152700'	'http://identifiers.org/mesh/D008180'	'http://purl.obolibrary.org/obo/NCIT_C3201',,
http://purl.obolibrary.org/obo/MONDO_0008383,"'rheumatoid arthritis'	'rheumatoid arthritis, progression of'	'arthritis, rheumatoid'	'autoimmune arthritis'	'arthritis or polyarthritis, rheumatic'	'RA'",,'atrophic arthritis',"'rheumatoid arthritis'	'rheumatoid arthritis, progression of'	'arthritis, rheumatoid'	'autoimmune arthritis'	'arthritis or polyarthritis, rheumatic'	'RA'",,"'rheumatoid arthritis, susceptibility to'",,,'http://purl.obolibrary.org/obo/NCIT_C2884'	'http://linkedlifedata.com/resource/umls/id/C0003873'	'http://www.orpha.net/ORDO/Orphanet_284130'	'http://purl.obolibrary.org/obo/DOID_7148'	'http://identifiers.org/mesh/D001172'	'https://omim.org/entry/180300'	'http://identifiers.org/snomedct/69896004',,
http://purl.obolibrary.org/obo/MONDO_0024644,'ischemic disease of myocardium'	'ischemic heart disease'	'myocardium ischemic disease'	'IHD',,,'ischemic disease of myocardium'	'ischemic heart disease'	'myocardium ischemic disease'	'IHD',,"'ischemia, myocardial'	'diseases, ischemic heart'	'ischemias, myocardial'	'ischemic heart diseases'	'myocardial Ischemias'	'heart disease, ischemic'	'disease, ischemic heart'	'heart diseases, ischemic'",,,'http://identifiers.org/mesh/D017202'	'http://purl.obolibrary.org/obo/NCIT_C50625'	'http://purl.bioontology.org/ontology/ICD10CM/I20-I25'	'http://linkedlifedata.com/resource/umls/id/C0151744'	'http://identifiers.org/snomedct/414545008',,
http://purl.obolibrary.org/obo/MPATH_3,,,,,,'programmed cell death',,,,,
http://purl.obolibrary.org/obo/MP_0003674,,,,,,'increased ROS production'	'increased reactive oxygen species production',,,,,
http://purl.obolibrary.org/obo/MP_0005331,,,,,,,,,,,
http://purl.obolibrary.org/obo/NCIT_C106407,'MicroRNA 124'	'MIR124'	'hsa-miR-124a'	'miR-124'	'MIRN124'	'hsa-miR-124'	'hsa-miR-124-3p',,,'MicroRNA 124'	'MIR124'	'hsa-miR-124a'	'miR-124'	'MIRN124'	'hsa-miR-124'	'hsa-miR-124-3p',,,,,,,
http://purl.obolibrary.org/obo/NCIT_C113609,'Chronic_Liver_Disease'	'Chronic Liver Disease',,,'Chronic_Liver_Disease'	'Chronic Liver Disease',,,,,,,
http://purl.obolibrary.org/obo/NCIT_C116021,'MIRN181'	'mir-181'	'MIR181'	'MicroRNA 181'	'hsa-mir-181',,,'MIRN181'	'mir-181'	'MIR181'	'MicroRNA 181'	'hsa-mir-181',,,,,,,
http://purl.obolibrary.org/obo/NCIT_C116401,'hsa-mir-9'	'MIR9'	'MIRN9'	'miRNA 9'	'miR-9'	'hsa-miR-9-5p'	'MicroRNA 9'	'miRNA-9'	'miRNA9',,,'hsa-mir-9'	'MIR9'	'MIRN9'	'miRNA 9'	'miR-9'	'hsa-miR-9-5p'	'MicroRNA 9'	'miRNA-9'	'miRNA9',,,,,,,
http://purl.obolibrary.org/obo/NCIT_C129416,'hsa-miR-16'	'hsa-miR-16-5p'	'MIR16'	'MiR-16'	'MIRN16'	'MicroRNA 16'	'MiRNA16',,,'hsa-miR-16'	'hsa-miR-16-5p'	'MIR16'	'MiR-16'	'MIRN16'	'MicroRNA 16'	'MiRNA16',,,,,,,
http://purl.obolibrary.org/obo/NCIT_C142543,'European Medicines Agency (EMA)'	'European Medicines Agency'	'EMA',,,'European Medicines Agency (EMA)'	'European Medicines Agency'	'EMA',,,,,,,
http://purl.obolibrary.org/obo/NCIT_C142724,'surrogate marker'	'Surrogate Marker',,,'surrogate marker'	'Surrogate Marker',,,,,,,
http://purl.obolibrary.org/obo/NCIT_C15367,'Risk Assessment'	'risk assessment',,,'Risk Assessment'	'risk assessment',,,,,,,
http://purl.obolibrary.org/obo/NCIT_C16866,'Modeling System'	'Model System'	'model'	'Model'	'Models',,,'Modeling System'	'Model System'	'model'	'Model'	'Models',,,,,,,
http://purl.obolibrary.org/obo/NCIT_C17237,'FDA'	'Food and Drug Administration (FDA)'	'Food and Drug Administration',,,'FDA'	'Food and Drug Administration (FDA)'	'Food and Drug Administration',,,,,,,
http://purl.obolibrary.org/obo/NCIT_C18000,'Histopathology Grade'	'Overall Tumor Grade'	'Grading'	'histological_grade'	'Histopathologic Grade'	'histological grade'	'HISTOLOGY_GRADE'	'Grade (high/low)'	'grade'	'Tumor Grade'	'Tumor_Grade'	'Histologic Grade'	'OVLTGRD'	'grading'	'Grade',,,'Histopathology Grade'	'Overall Tumor Grade'	'Grading'	'histological_grade'	'Histopathologic Grade'	'histological grade'	'HISTOLOGY_GRADE'	'Grade (high/low)'	'grade'	'Tumor Grade'	'Tumor_Grade'	'Histologic Grade'	'OVLTGRD'	'grading'	'Grade',,,,,,,
http://purl.obolibrary.org/obo/NCIT_C201303,'Response Biomarker'	'Exposure Response Biomarker',,,'Response Biomarker'	'Exposure Response Biomarker',,,,,,,
http://purl.obolibrary.org/obo/NCIT_C201365,'Pharmacodynamic Biomarker',,,'Pharmacodynamic Biomarker',,,,,,,
http://purl.obolibrary.org/obo/NCIT_C21051,'Epigenetic Process'	'Epigenetic Mechanism'	'Epigenetic Change'	'Epigenetics',,,'Epigenetic Process'	'Epigenetic Mechanism'	'Epigenetic Change'	'Epigenetics',,,,,,,
http://purl.obolibrary.org/obo/NCIT_C28234,'Progression-free Survival'	'progression-free survival'	'PFS',,,'Progression-free Survival'	'progression-free survival'	'PFS',,,,,,,
http://purl.obolibrary.org/obo/NCIT_C28378,'Proliferation'	'proliferating'	'Proliferating'	'PROLIFERATING',,,'Proliferation'	'proliferating'	'Proliferating'	'PROLIFERATING',,,,,,,
http://purl.obolibrary.org/obo/NCIT_C53249,'Spearman Correlation Test'	'Spearman Correlation',,,'Spearman Correlation Test'	'Spearman Correlation',,,,,,,
http://purl.obolibrary.org/obo/NCIT_C61256,'monitor'	'monitoring'	'Monitoring',,,'monitor'	'monitoring'	'Monitoring',,,,,,,
http://purl.obolibrary.org/obo/NCIT_C686,'Neuropeptide'	'neuropeptide',,,'Neuropeptide'	'neuropeptide',,,,,,,
http://purl.obolibrary.org/obo/NCIT_C68771,'Clinical Endpoint'	'clinical end point',,,'Clinical Endpoint'	'clinical end point',,,,,,,
http://purl.obolibrary.org/obo/NCIT_C75944,'Predictor',,,'Predictor',,,,,,,
http://purl.obolibrary.org/obo/NCIT_C82669,'CDER'	'Center for Drug Evaluation and Research',,,'CDER'	'Center for Drug Evaluation and Research',,,,,,,
http://purl.obolibrary.org/obo/NCIT_C82670,'Center for Devices and Radiological Health'	'CDRH',,,'Center for Devices and Radiological Health'	'CDRH',,,,,,,
http://purl.obolibrary.org/obo/NCIT_C88227,'Serum Creatinine Assay',,,'Serum Creatinine Assay',,,,,,,
http://purl.obolibrary.org/obo/NCIT_C94342,'healthy control'	'Healthy Control',,,'healthy control'	'Healthy Control',,,,,,,
http://purl.obolibrary.org/obo/OAE_0000001,,,,,,,,,,,
http://purl.obolibrary.org/obo/OBCS_0000023,,,,,,,,,,,
http://purl.obolibrary.org/obo/OBCS_0000025,,,,,,,,,,,
http://purl.obolibrary.org/obo/OBCS_0000054,,,,,,,,,,,
http://purl.obolibrary.org/obo/OBI_0000011,,,,,,,,,,,
http://purl.obolibrary.org/obo/OBI_0000066,,,,,,,,,,,
http://purl.obolibrary.org/obo/OBI_0000070,,,,,,,,,,,
http://purl.obolibrary.org/obo/OBI_0000075,,,,,,,,,,,
http://purl.obolibrary.org/obo/OBI_0000093,,,,,,,,,,,
http://purl.obolibrary.org/obo/OBI_0000097,,,,,,,,,,,
http://purl.obolibrary.org/obo/OBI_0000169,,,,,,,,,,,
http://purl.obolibrary.org/obo/OBI_0000175,,,,,,,,,,,
http://purl.obolibrary.org/obo/OBI_0000181,,,,,,,,,,,
http://purl.obolibrary.org/obo/OBI_0000185,,,,,,,,,,,
http://purl.obolibrary.org/obo/OBI_0000278,,,,,,,,,,,
http://purl.obolibrary.org/obo/OBI_0000655,,,,,,,,,,,
http://purl.obolibrary.org/obo/OBI_0000661,,,,,,,,,,,
http://purl.obolibrary.org/obo/OBI_0000673,,,,,,,,,,,
http://purl.obolibrary.org/obo/OBI_0000674,,,,,,,,,,,
http://purl.obolibrary.org/obo/OBI_0000854,,,,,,,,,,,
http://purl.obolibrary.org/obo/OBI_0000916,,,,,,,,,,,
http://purl.obolibrary.org/obo/OBI_0000968,,,,,,,,,,,
http://purl.obolibrary.org/obo/OBI_0001305,,,,,,,,,,,
http://purl.obolibrary.org/obo/OBI_0001986,,,,,,,,,,,
http://purl.obolibrary.org/obo/OBI_0002650,,,,,,,,,,,
http://purl.obolibrary.org/obo/OBI_0100017,,,,,,,,,,,
http://purl.obolibrary.org/obo/OBI_0100051,,,,,,,,,,,
http://purl.obolibrary.org/obo/OBI_0200103,,,,,,,,,,,
http://purl.obolibrary.org/obo/OBI_0302887,,,,,,,,,,,
http://purl.obolibrary.org/obo/OBI_0302911,,,,,,,,,,,
http://purl.obolibrary.org/obo/OBI_0400147,,,,,,,,,,,
http://purl.obolibrary.org/obo/OBI_1110122,,,,,,,,,,,
http://purl.obolibrary.org/obo/OGG_0000000002,,,,,,,,,,,
http://purl.obolibrary.org/obo/OGMS_0000023,,,,,,,,,,,
http://purl.obolibrary.org/obo/OGMS_0000045,,,,,,,,,,,
http://purl.obolibrary.org/obo/OGMS_0000063,,,,,,,,,,,
http://purl.obolibrary.org/obo/OGMS_0000073,,,,,,,,,,,
http://purl.obolibrary.org/obo/OGMS_0000090,,,,,,,,,,,
http://purl.obolibrary.org/obo/OGMS_0000093,,,,,,,,,,,
http://purl.obolibrary.org/obo/OGMS_0000106,,,,,,,,,,,
http://purl.obolibrary.org/obo/OGMS_0000143,,,,,,,,,,,
http://purl.obolibrary.org/obo/OMIT_0001343,,,,,,,,,,,
http://purl.obolibrary.org/obo/OMIT_0005305,,,,,,,,,,,
http://purl.obolibrary.org/obo/OMIT_0009194,,,,,,,,,,,
http://purl.obolibrary.org/obo/OMIT_0010388,,,,,,,,,,,
http://purl.obolibrary.org/obo/OMIT_0012292,,,,,,,,,,,
http://purl.obolibrary.org/obo/OMIT_0012415,,,,,,,,,,,
http://purl.obolibrary.org/obo/OMIT_0013279,,,,,,,,,,,
http://purl.obolibrary.org/obo/OMIT_0016017,,,,,,,,,,,
http://purl.obolibrary.org/obo/OMIT_0019447,,,,,,,,,,,
http://purl.obolibrary.org/obo/OMIT_0020024,,,,,,,,,,,
http://purl.obolibrary.org/obo/OMIT_0024288,,,,,,,,,,,
http://purl.obolibrary.org/obo/OMIT_0025787,,,,,,,,,,,
http://purl.obolibrary.org/obo/OMIT_0026291,,,,,,,,,,,
http://purl.obolibrary.org/obo/OMIT_0028283,,,,,,,,,,,
http://purl.obolibrary.org/obo/OMIT_0030323,,,,,,,,,,,
http://purl.obolibrary.org/obo/OMIT_0033136,,,,,,,,,,,
http://purl.obolibrary.org/obo/OMIT_0033342,,,,,,,,,,,
http://purl.obolibrary.org/obo/OMIT_0033345,,,,,,,,,,,
http://purl.obolibrary.org/obo/OMIT_0036686,,,,,,,,,,,
http://purl.obolibrary.org/obo/OMIT_0036840,'Aldo-Keto Reductase Family 1 Member C3',,,'Aldo-Keto Reductase Family 1 Member C3',,,,,,,
http://purl.obolibrary.org/obo/OMIT_0043247,,,,,,,,,,,
http://purl.obolibrary.org/obo/ONS_0000098,,,,,,,'risk biomarker',,,,
http://purl.obolibrary.org/obo/OPMI_0000445,,,,,,,,,,,
http://purl.obolibrary.org/obo/OPMI_0000446,,,,,,,,,,,
http://purl.obolibrary.org/obo/OPMI_0000447,,,,,,,,,,,
http://purl.obolibrary.org/obo/OPMI_0000448,,,,,,,,,,,
http://purl.obolibrary.org/obo/OPMI_0000450,,,,,,,,,,,
http://purl.obolibrary.org/obo/OPMI_0000451,,,,,,,,,,,
http://purl.obolibrary.org/obo/OPMI_0000452,,,,,,,,,,,
http://purl.obolibrary.org/obo/OPMI_0000453,,,,,,,,,,,
http://purl.obolibrary.org/obo/OPMI_0000454,,,,,,,,,,,
http://purl.obolibrary.org/obo/OPMI_0000455,,,,,,,,,,,
http://purl.obolibrary.org/obo/OPMI_0000456,,,,,,,,,,,
http://purl.obolibrary.org/obo/OPMI_0000457,,,,,,,,,,,
http://purl.obolibrary.org/obo/OPMI_0000458,,,,,,,,,,,
http://purl.obolibrary.org/obo/OPMI_0000459,,,,,,,,,,,
http://purl.obolibrary.org/obo/OPMI_0000460,,,,,,,,,,,
http://purl.obolibrary.org/obo/OPMI_0000461,,,,,,,,,,,
http://purl.obolibrary.org/obo/OPMI_0000463,,,,,,,,,,,
http://purl.obolibrary.org/obo/OPMI_0000464,,,,,,,,,,,
http://purl.obolibrary.org/obo/PATO_0000011,,,,,,,,,,,
http://purl.obolibrary.org/obo/PATO_0000033,'concentration',,,'concentration',,,,,,,
http://purl.obolibrary.org/obo/PATO_0000044,,,,,,,,,,,
http://purl.obolibrary.org/obo/PATO_0000085,'sensitivity',,,'sensitivity',,,,,,,
http://purl.obolibrary.org/obo/PATO_0001241,'quality of a single physical entity'	'monadic quality of a continuant'	'quality of an object'	'multiply inhering quality of a physical entity'	'quality of a continuant'	'quality of continuant',,,'quality of a single physical entity'	'monadic quality of a continuant'	'quality of an object'	'multiply inhering quality of a physical entity'	'quality of a continuant'	'quality of continuant','monadic quality of continuant'	'monadic quality of an object',,,,,,
http://purl.obolibrary.org/obo/PATO_0001818,,,,,,,,,,,
http://purl.obolibrary.org/obo/PATO_0002096,,,,,,'benign',,,,,
http://purl.obolibrary.org/obo/PR_000000001,'natural protein',,,'natural protein','native protein',,,,,,
http://purl.obolibrary.org/obo/PR_000001393,'hybridoma growth factor'	'CTL differentiation factor'	'IL-6'	'B-cell stimulatory factor 2'	'CDF'	'BSF-2'	'interferon beta-2'	'B-cell hybridoma growth factor'	'interleukin HP-1'	'IL6'	'IFN-beta-2',,,'hybridoma growth factor'	'CTL differentiation factor'	'IL-6'	'B-cell stimulatory factor 2'	'CDF'	'BSF-2'	'interferon beta-2'	'B-cell hybridoma growth factor'	'interleukin HP-1'	'IL6'	'IFN-beta-2',,'IFNB2',,,,,
http://purl.obolibrary.org/obo/PR_000002307,'BCL2',,,'BCL2',,'Bcl-2',,,,,
http://purl.obolibrary.org/obo/PR_000003015,'KLK3'	'P-30 antigen'	'seminin'	'kallikrein-3'	'semenogelase'	'gamma-seminoprotein',,,'KLK3'	'P-30 antigen'	'seminin'	'kallikrein-3'	'semenogelase'	'gamma-seminoprotein',,'PSA'	'APS',,,,,
http://purl.obolibrary.org/obo/PR_000003035,'tumor suppressor p53'	'TP53'	'antigen NY-CO-13'	'phosphoprotein p53',,,'tumor suppressor p53'	'TP53'	'antigen NY-CO-13'	'phosphoprotein p53',,'Trp53'	'P53',,,,,
http://purl.obolibrary.org/obo/PR_000003777,"'adipocyte-specific protein AdipoQ'	'30 kDa adipocyte complement-related protein'	'adipocyte, C1q and collagen domain-containing protein'	'gelatin-binding protein'	'apM-1'	'adipose most abundant gene transcript 1 protein'	'ADIPOQ'	'adipocyte complement-related 30 kDa protein'",,,"'adipocyte-specific protein AdipoQ'	'30 kDa adipocyte complement-related protein'	'adipocyte, C1q and collagen domain-containing protein'	'gelatin-binding protein'	'apM-1'	'adipose most abundant gene transcript 1 protein'	'ADIPOQ'	'adipocyte complement-related 30 kDa protein'",,'ACDC'	'ACRP30'	'GBP28'	'APM1',,,,,
http://purl.obolibrary.org/obo/PR_000003918,'ALB'	'serum albumin',,,'ALB'	'serum albumin',,'GIG20'	'GIG42'	'PRO2675'	'PRO2044'	'PRO1708'	'Alb-1'	'Alb1'	'PRO0903'	'PRO2619'	'UNQ696/PRO1341',,,,,
http://purl.obolibrary.org/obo/PR_000004716,'BDNF'	'abrineurin',,,'BDNF'	'abrineurin',,,,,,,
http://purl.obolibrary.org/obo/PR_000005615,"'apo-J'	'SGP-2'	'TRPM-2'	'testosterone-repressed prostate message 2'	'sulfated glycoprotein 2'	'clustrin'	'complement cytolysis inhibitor'	'Ku70-binding protein 1'	'NA1/NA2'	'CLU'	'complement-associated protein SP-40,40'	'apolipoprotein J'	'aging-associated gene 4 protein'",,,"'apo-J'	'SGP-2'	'TRPM-2'	'testosterone-repressed prostate message 2'	'sulfated glycoprotein 2'	'clustrin'	'complement cytolysis inhibitor'	'Ku70-binding protein 1'	'NA1/NA2'	'CLU'	'complement-associated protein SP-40,40'	'apolipoprotein J'	'aging-associated gene 4 protein'",,'APOJ'	'CLI'	'KUB1'	'Msgp-2'	'AAG4',,,,,
http://purl.obolibrary.org/obo/PR_000005897,'CRP',,,'CRP',,'PTX1',,,,,
http://purl.obolibrary.org/obo/PR_000005965,'CST3'	'gamma-trace'	'neuroendocrine basic polypeptide'	'cystatin-3'	'post-gamma-globulin',,,'CST3'	'gamma-trace'	'neuroendocrine basic polypeptide'	'cystatin-3'	'post-gamma-globulin',,,,,,,
http://purl.obolibrary.org/obo/PR_000006933,'EGFR'	'receptor tyrosine-protein kinase erbB-1'	'proto-oncogene c-ErbB-1',,,'EGFR'	'receptor tyrosine-protein kinase erbB-1'	'proto-oncogene c-ErbB-1',,'ERBB1'	'HER1'	'ERBB',,,,,
http://purl.obolibrary.org/obo/PR_000007204,'nuclear receptor subfamily 3 group A member 1'	'ER-alpha'	'ER'	'ESR1'	'estradiol receptor',,,'nuclear receptor subfamily 3 group A member 1'	'ER-alpha'	'ER'	'ESR1'	'estradiol receptor',,'Estra'	'Estr'	'NR3A1'	'ESR',,,,,
http://purl.obolibrary.org/obo/PR_000009725,'oncogene 24p3'	'SV-40-induced 24P3 protein'	'lipocalin-2'	'LCN2'	'25 kDa alpha-2-microglobulin-related subunit of MMP-9',,'p25','oncogene 24p3'	'SV-40-induced 24P3 protein'	'lipocalin-2'	'LCN2'	'25 kDa alpha-2-microglobulin-related subunit of MMP-9',,'NGAL'	'HNL',,,,,
http://purl.obolibrary.org/obo/PR_000009758,'obese protein'	'LEP'	'obesity factor',,,'obese protein'	'LEP'	'obesity factor',,'OB'	'OBS',,,,,
http://purl.obolibrary.org/obo/PR_000015561,'2AR'	'bone sialoprotein 1'	'minopontin'	'uropontin'	'SPP1'	'calcium oxalate crystal growth inhibitor protein'	'SPP-1'	'nephropontin'	'early T-lymphocyte activation 1 protein'	'secreted phosphoprotein 1'	'urinary stone protein',,,'2AR'	'bone sialoprotein 1'	'minopontin'	'uropontin'	'SPP1'	'calcium oxalate crystal growth inhibitor protein'	'SPP-1'	'nephropontin'	'early T-lymphocyte activation 1 protein'	'secreted phosphoprotein 1'	'urinary stone protein',,'Eta-1'	'PSEC0156'	'Op'	'OPN'	'BNSP',,,,,
http://purl.obolibrary.org/obo/PR_000016276,'TFF3'	'polypeptide P1.B'	'P1.B'	'intestinal trefoil factor',,,'TFF3'	'polypeptide P1.B'	'P1.B'	'intestinal trefoil factor',,'ITF'	'TFI',,,,,
http://purl.obolibrary.org/obo/PR_000016506,'cardiac troponin I'	'TNNI3'	'cTnI',,,'cardiac troponin I'	'TNNI3'	'cTnI',,'TNNC1',,,,,
http://purl.obolibrary.org/obo/PR_000016509,'TNNT2'	'cardiac muscle troponin T'	'TnTc'	'cTnT',,,'TNNT2'	'cardiac muscle troponin T'	'TnTc'	'cTnT',,,,,,,
http://purl.obolibrary.org/obo/PR_000050469,'HbA1c'	'HgbA1c',,'glycohemoglobin'	'glycated hemoglobin','HbA1c'	'HgbA1c',,,,,,,
http://purl.obolibrary.org/obo/SO_0000276,'stRNA'	'INSDC_qualifier:miRNA'	'micro RNA'	'microRNA'	'small temporal RNA',,'INSDC_feature:ncRNA','stRNA'	'INSDC_qualifier:miRNA'	'micro RNA'	'microRNA'	'small temporal RNA',,,,,,,
http://purl.obolibrary.org/obo/STATO_0000412,,,,,,,,,,,
http://purl.obolibrary.org/obo/STATO_0000415,,,,,,,,,,,
http://purl.obolibrary.org/obo/STATO_0000416,,,,,,,,,,,
http://purl.obolibrary.org/obo/SYMP_0000178,'loss of weight',,,'loss of weight',,,,,,,
http://purl.obolibrary.org/obo/SYMP_0000462,,,,,,,,,,,
http://purl.obolibrary.org/obo/SYMP_0000837,,,,,,,,,,,
http://purl.obolibrary.org/obo/UBERON_0000061,'connected biological structure'	'biological structure',,,'connected biological structure'	'biological structure',,,,,,,
http://purl.obolibrary.org/obo/UBERON_0000062,,,,,,'body organ'	'anatomical unit'	'element',,,,,
http://purl.obolibrary.org/obo/UBERON_0000174,'waste substance'	'portion of excreted substance'	'excreted substance',,,'waste substance'	'portion of excreted substance'	'excreted substance',,'excretion',,,,,
http://purl.obolibrary.org/obo/UBERON_0000178,'portion of blood'	'vertebrate blood',,,'portion of blood'	'vertebrate blood',,'whole blood',,,,,
http://purl.obolibrary.org/obo/UBERON_0000463,'organism substance'	'portion of body substance'	'portion of organism substance'	'body fluid or substance'	'body substance',,,'organism substance'	'portion of body substance'	'portion of organism substance'	'body fluid or substance'	'body substance',,,,,,,
http://purl.obolibrary.org/obo/UBERON_0000465,,,,,,,,,,,
http://purl.obolibrary.org/obo/UBERON_0000467,'organ system'	'body system'	'connected anatomical system',,'system','organ system'	'body system'	'connected anatomical system',,'anatomical systems',,,,,
http://purl.obolibrary.org/obo/UBERON_0001062,,,,,,,,,,,
http://purl.obolibrary.org/obo/UBERON_0001088,,,,,,,,,,,
http://purl.obolibrary.org/obo/UBERON_0001359,'CSF'	'cerebral spinal fluid',,,'CSF'	'cerebral spinal fluid',,'spinal fluid'	'liquor cerebrospinalis',,,,,
http://purl.obolibrary.org/obo/UBERON_0001836,'salivary gland secretion',,,'salivary gland secretion',,'sailva normalis'	'saliva molecularis'	'saliva atomaris',,,,,
http://purl.obolibrary.org/obo/UBERON_0001969,'blood plasm'	'portion of blood plasma',,'portion of plasma'	'plasma','blood plasm'	'portion of blood plasma',,,,,,,
http://purl.obolibrary.org/obo/UBERON_0001977,'serum',,,'serum',,,,,,,
http://purl.obolibrary.org/obo/UBERON_0001988,'stool'   'portionem cacas' ,,'excreta','stool'	'faeces'	'portion of faeces'	'portion of excrement'	'fecal matter'	'portion of fecal matter'	'portion of feces'	'fecal material'	'portion of fecal material'	'portionem cacas'	'piece of shit','portion of scat'	'frass'	'scat'	'cow dung'	'portion of dung'	'guano'	'dung'	'spraint'	'portion of guano'	'fewmet'	'cow pat','excrement'	'ordure'	'droppings'	'spoor',,,,,
http://purl.obolibrary.org/obo/UBERON_0002107,,,,,,'jecur'	'iecur',,,,,
http://purl.obolibrary.org/obo/UBERON_0002113,,,,,'reniculate kidney',,,,,,
http://purl.obolibrary.org/obo/UBERON_0002416,'integumentary system',,,'integumentary system',,'external covering of organism'	'organism surface'	'integumentum commune'	'surface'	'body surface'	'dermal system',,,,,
http://purl.obolibrary.org/obo/UBERON_0006314,'body fluid',,'fluid','body fluid',,,,,,,
http://purl.obolibrary.org/obo/UBERON_0016446,'head hair',,,'head hair','hair of scalp',,,,,,
http://purl.obolibrary.org/obo/UBERON_0034919,,,,,,,,,,,
http://purl.obolibrary.org/obo/BMO/BIOMO_0000005,'CNV biomarker',,,'CNV biomarker',,,,,,,
http://purl.obolibrary.org/obo/BMO/BIOMO_0000007,,,,,,,,,,,
http://purl.obolibrary.org/obo/BMO/BIOMO_0000008,,,,,,,,,,,
http://purl.obolibrary.org/obo/BMO/BIOMO_0000009,,,,,,,,,,,
http://purl.obolibrary.org/obo/BMO/BIOMO_0000010,,,,,,,,,,,
http://purl.obolibrary.org/obo/BMO/BIOMO_0000011,,,,,,,,,,,
http://purl.obolibrary.org/obo/BMO/BIOMO_0000012,,,,,,,,,,,
http://purl.obolibrary.org/obo/BMO/BIOMO_0000013,,,,,,,,,,,
http://purl.obolibrary.org/obo/BMO/BIOMO_0000014,,,,,,,,,,,
http://purl.obolibrary.org/obo/BMO/BIOMO_0000015,,,,,,,,,,,
http://purl.obolibrary.org/obo/BMO/BIOMO_0000016,'surrogate endpoint',,,'surrogate endpoint',,,,,,,
http://purl.obolibrary.org/obo/BMO/BIOMO_0000017,'COU',,,'COU',,,,,,,
http://purl.obolibrary.org/obo/BMO/BIOMO_0000018,,,,,,,,,,,
http://purl.obolibrary.org/obo/BMO/BIOMO_0000019,,,,,,,,,,,
http://purl.obolibrary.org/obo/BMO/BIOMO_0000020,,,,,,,,,,,
http://purl.obolibrary.org/obo/BMO/BIOMO_0000021,,,,,,,,,,,
http://purl.obolibrary.org/obo/BMO/BIOMO_0000022,,,,,,,,,,,
http://purl.obolibrary.org/obo/BMO/BIOMO_0000023,,,,,,,,,,,
http://purl.obolibrary.org/obo/BMO/BIOMO_0000024,,,,,,,,,,,
http://purl.obolibrary.org/obo/BMO/BIOMO_0000025,,,,,,,,,,,
http://purl.obolibrary.org/obo/BMO/BIOMO_0000026,'CDx',,,'CDx',,,,,,,
http://purl.obolibrary.org/obo/BMO/BIOMO_0000027,,,,,,,,,,,
http://purl.obolibrary.org/obo/BMO/BIOMO_0000028,,,,,,,,,,,
http://purl.obolibrary.org/obo/BMO/BIOMO_0000029,,,,,,,,,,,
http://purl.obolibrary.org/obo/BMO/BIOMO_0000030,'PMDA'	'The Japanese Pharmaceuticals and Medical Device Agency',,,'PMDA'	'The Japanese Pharmaceuticals and Medical Device Agency',,,,,,,
http://purl.obolibrary.org/obo/BMO/BIOMO_0000031,,,,,,,,,,,
http://purl.obolibrary.org/obo/BMO/BIOMO_0000032,,,,,,,,,,,
http://purl.obolibrary.org/obo/BMO/BIOMO_0000033,,,,,,,,,,,
http://purl.obolibrary.org/obo/BMO/BIOMO_0000034,,,,,,,,,,,
http://purl.obolibrary.org/obo/BMO/BIOMO_0000035,,,,,,,,,,,
http://purl.obolibrary.org/obo/BMO/BIOMO_0000036,,,,,,,,,,,
http://purl.obolibrary.org/obo/BMO/BIOMO_0000037,'total protein',,,'total protein',,,,,,,
http://purl.obolibrary.org/obo/BMO/BIOMO_0000038,'TKV',,,'TKV',,,,,,,
http://purl.obolibrary.org/obo/BMO/BIOMO_0000039,'KIM-1',,,'KIM-1',,,,,,,
http://purl.obolibrary.org/obo/BMO/BIOMO_0000041,'NPV',,,'NPV',,,,,,,
http://purl.obolibrary.org/obo/BMO/BIOMO_0000042,'out-of-sample testing',,,'out-of-sample testing',,,,,,,
http://purl.obolibrary.org/obo/BMO/BIOMO_0000043,,,,,,,,,,,
http://purl.obolibrary.org/obo/BMO/BIOMO_0000045,,,,,,,,,,,
http://purl.obolibrary.org/obo/BMO/BIOMO_0000046,,,,,,,,,,,
http://semanticscience.org/resource/SIO_000027,,,,,,,,,,,
http://semanticscience.org/resource/SIO_000075,,,,,,,,,,,
http://semanticscience.org/resource/SIO_000144,,,,,,,,,,,
http://semanticscience.org/resource/SIO_000307,,,,,,,,,,,
http://semanticscience.org/resource/SIO_000554,,,,,,,,,,,
http://semanticscience.org/resource/SIO_000555,,,,,,,,,,,
http://semanticscience.org/resource/SIO_000640,,,,,,,,,,,
http://semanticscience.org/resource/SIO_000751,,,,,,,,,,,
http://semanticscience.org/resource/SIO_000923,,,,,,,,,,,
http://semanticscience.org/resource/SIO_001215,,,,,,,,,,,
http://semanticscience.org/resource/SIO_010048,,,,,,,,,,,
http://semanticscience.org/resource/SIO_010052,,,,,,,,,,,
http://www.ebi.ac.uk/efo/EFO_0000195,"'Metabolic X Syndrome'	'Syndrome, Metabolic X'	'X Syndrome, Metabolic'	'Metabolic Syndrome X'	'MetS'	'Cardiovascular Syndromes, Metabolic'	'Cardiovascular Syndrome, Metabolic'	'Syndrome, Metabolic Cardiovascular'	'Syndrome X, Insulin Resistance'	'Metabolic Cardiovascular Syndrome'	'Syndrome X, Reaven'	'Syndrome X, Dysmetabolic'	'Dysmetabolic Syndrome X'	'Syndrome X, Metabolic'	'Reaven Syndrome X'	'Insulin Resistance Syndrome X'",,,"'Metabolic X Syndrome'	'Syndrome, Metabolic X'	'X Syndrome, Metabolic'	'Metabolic Syndrome X'	'MetS'	'Cardiovascular Syndromes, Metabolic'	'Cardiovascular Syndrome, Metabolic'	'Syndrome, Metabolic Cardiovascular'	'Syndrome X, Insulin Resistance'	'Metabolic Cardiovascular Syndrome'	'Syndrome X, Reaven'	'Syndrome X, Dysmetabolic'	'Dysmetabolic Syndrome X'	'Syndrome X, Metabolic'	'Reaven Syndrome X'	'Insulin Resistance Syndrome X'",,,,,,,
http://www.ebi.ac.uk/efo/EFO_0000264,'antibodies',,,'antibodies',,,,,,,
http://www.ebi.ac.uk/efo/EFO_0000384,"'Crohn's disease of large bowel'	'Crohns Disease'	'Ileitis, Regional'	'pediatric Crohn's disease'	'Enteritis, Granulomatous'",'http://purl.obolibrary.org/obo/Orphanet_206',,"'Crohn's disease of large bowel'	'Crohns Disease'	'Ileitis, Regional'	'pediatric Crohn's disease'	'Enteritis, Granulomatous'",,,,,,,
http://www.ebi.ac.uk/efo/EFO_0000714,'survival'	'time of survival',,,'survival'	'time of survival',,,,,,,
http://www.ebi.ac.uk/efo/EFO_0001428,'Cross-Sectional Study',,,'Cross-Sectional Study',,,,,,,
http://www.ebi.ac.uk/efo/EFO_0001444,,,,,,,,,,,
http://www.ebi.ac.uk/efo/EFO_0002721,,,,,,,,,,,
http://www.ebi.ac.uk/efo/EFO_0002950,'Pregnancies'	'PREGN'	'Gestation',,,'Pregnancies'	'PREGN'	'Gestation',,,,,,,
http://www.ebi.ac.uk/efo/EFO_0003271,'TNF-alpha; tumor necrosis factor',,,'TNF-alpha; tumor necrosis factor',,,,,,,
http://www.ebi.ac.uk/efo/EFO_0003276,'VEGF',,,'VEGF',,,,,,,
http://www.ebi.ac.uk/efo/EFO_0003786,,,,,,,,,,,
http://www.ebi.ac.uk/efo/EFO_0003919,"'Risk Factors'	'Factor, Risk'	'Factors, Risk'",,,"'Risk Factors'	'Factor, Risk'	'Factors, Risk'",,,,,,,
http://www.ebi.ac.uk/efo/EFO_0004100,,,,,,,,,,,
http://www.ebi.ac.uk/efo/EFO_0004134,'size of tumor',,,'size of tumor',,,,,,,
http://www.ebi.ac.uk/efo/EFO_0004285,'urinary albumin excretion',,,'urinary albumin excretion',,,,,,,
http://www.ebi.ac.uk/efo/EFO_0004297,'clinical laboratory techniques',,,'clinical laboratory techniques',,,,,,,
http://www.ebi.ac.uk/efo/EFO_0004325,,,,,,,,,,,
http://www.ebi.ac.uk/efo/EFO_0004338,'weight',,,'weight',,,,,,,
http://www.ebi.ac.uk/efo/EFO_0004342,,,,,,,,,,,
http://www.ebi.ac.uk/efo/EFO_0004352,'mortality measurement'	'mortality rate',,,'mortality measurement'	'mortality rate',,,,,,,
http://www.ebi.ac.uk/efo/EFO_0004471,'insulin sensitivity test',,,'insulin sensitivity test',,,,,,,
http://www.ebi.ac.uk/efo/EFO_0004501,'homeostasis model assessment insulin resistance',,,'homeostasis model assessment insulin resistance',,,,,,,
http://www.ebi.ac.uk/efo/EFO_0004517,'arterial stiffness',,,'arterial stiffness',,,,,,,
http://www.ebi.ac.uk/efo/EFO_0004580,'IL-18',,,'IL-18',,,,,,,
http://www.ebi.ac.uk/efo/EFO_0004745,,,,,,,,,,,
http://www.ebi.ac.uk/efo/EFO_0004952,'relapse',,,'relapse',,,,,,,
http://www.ebi.ac.uk/efo/EFO_0005208,'GFR',,,'GFR',,,,,,,
http://www.ebi.ac.uk/efo/EFO_0006335,'systolic pressure'	'SYSBP',,,'systolic pressure'	'SYSBP',,,,,,,
http://www.ebi.ac.uk/efo/EFO_0006851,,,,,,,,,,,
http://www.ebi.ac.uk/efo/EFO_0006890,,,,,,,,,,,
http://www.ebi.ac.uk/efo/EFO_0009708,'tumor metastasis'	'neoplasm metastasis'	'cancer metastasis'	'tumor cell migration',,,'tumor metastasis'	'neoplasm metastasis'	'cancer metastasis'	'tumor cell migration',,,,,,,
http://www.ebi.ac.uk/efo/EFO_0009709,'metastatic tumor'	'metastatic neoplasm'	'metastatic disease','http://purl.obolibrary.org/obo/NCIT_C3261',,'metastatic tumor'	'metastatic neoplasm'	'metastatic disease',,,,'http://linkedlifedata.com/resource/umls/id/C2939420','http://purl.obolibrary.org/obo/NCIT_C3261',,
http://www.ebi.ac.uk/efo/EFO_1001461,,,,,,,,,,,
http://www.w3.org/2002/07/owl#Thing,,,,,,,,,,,
